{
    "type": "minecraft:crafting_shapeless",
    "ingredients": [
        {
            "item": "minecraft:netherite_block"
        },
        {
            "item": "minecraft:netherite_block"
        },
        {
            "item": "minecraft:netherite_block"
        },
        {
            "item": "minecraft:ender_pearl"
        },
        {
            "item": "minecraft:netherite_block"
        },
        {
            "item": "minecraft:netherite_block"
        },
        {
            "item": "minecraft:netherite_block"
        }
    ],
    "result": {
        "item": "minecraft:knowledge_book",
        "count": 1
    }
}